Name,Location,Hometype,Max_guest,Home_summary,Price,Amenities,Reviewnumber,Reviewstar
[HongDae] 1min from Hongik Unv. Stn,Mapo-gu,ENTIRE APARTMENT,3 guests,"['1 bedroom', '2 beds', '1 bath']",$65 per night,"['Free parking on premises', 'Elevator', 'Kitchen', 'Wifi', 'Iron', 'Hair dryer']",162,Rating 5 out of 5
#1 Connected to Mapo Stn./HAN River view/Hongdae,Mapo-gu,ENTIRE APARTMENT,3 guests,"['1 bedroom', '1 bed', '1 bath']",$53 per night,"['Free parking on premises', 'Elevator', 'Kitchen', 'Wifi', 'Dryer', 'Iron']",159,Rating 5 out of 5
?? Myeong Dong ?? Portable Wifi #1 ??,Jung-gu,ENTIRE HOUSE,3 guests,"['1 bedroom', '2 beds', '1 bath']",$60 per night,"['Elevator', 'Kitchen', 'Wifi', 'Dryer', 'Iron', 'Hair dryer']",194,Rating 5 out of 5
Lavi's House??Free Egg??30sec from the station,Seoul,ENTIRE LOFT,3 guests,"['1 bedroom', '2 beds', '1 bath']",$59 per night,"['Free parking on premises', 'Elevator', 'Kitchen', 'Wifi', 'Dryer', 'Iron']",115,Rating 5 out of 5
MyeongDong 803 ??Big City Window?? +Free WiFi,Jongno-gu,ENTIRE CONDOMINIUM,2 guests,"['1 bedroom', '1 bed', '1 bath']",$42 per night,"['Elevator', 'Kitchen', 'Wifi', 'Iron', 'Hair dryer', 'Cable TV']",109,Rating 4.5 out of 5
Mapo basecamp,Mapo-gu,ENTIRE TOWNHOUSE,2 guests,"['1 bedroom', '1 bed', '1 bath']",$30 per night,"['Kitchen', 'Wifi', 'Iron', 'Hair dryer', 'Hangers', 'Essentials']",40,Rating 5 out of 5
Just Seoul Stn. relax cozy place,??????????,ENTIRE LOFT,4 guests,"['Studio', '2 beds', '1 bath']",$57 per night,"['Elevator', 'Kitchen', 'Wifi', 'Dryer', 'Iron', 'Hair dryer']",137,Rating 5 out of 5
Seoul Station !NEW OPEN! Free Gym 2,Yongsan-gu,ENTIRE APARTMENT,2 guests,"['Studio', '1 bed', '1 bath']",$41 per night,"['Free parking on premises', 'Elevator', 'Gym', 'Kitchen', 'Wifi', 'Dryer']",101,Rating 4.5 out of 5
[Myeong-dong] Modern Duplex,Jongno-gu,ENTIRE APARTMENT,4 guests,"['2 bedrooms', '2 beds', '1 bath']",$49 per night,"['Elevator', 'Kitchen', 'Wifi', 'Dryer', 'Iron', 'Hair dryer']",82,Rating 5 out of 5
LA VIE EN ROSE / Myeong-dong,Jung-gu,ENTIRE APARTMENT,3 guests,"['1 bedroom', '2 beds', '1 bath']",$55 per night,"['Elevator', 'Kitchen', 'Wifi', 'Iron', 'Hair dryer', 'Cable TV']",131,Rating 5 out of 5
Moonhouse#501 *Near Hongdae*,Mapo-gu,ENTIRE APARTMENT,2 guests,"['Studio', '1 bed', '1 bath']",$47 per night,"['Free parking on premises', 'Elevator', 'Kitchen', 'Wifi', 'Iron', 'Hair dryer']",101,Rating 5 out of 5
[3] Center of Myeongdong&Hongdae,Seoul,ENTIRE LOFT,5 guests,"['Studio', '2 beds', '1 bath']",$49 per night,"['Free parking on premises', 'Elevator', 'Kitchen', 'Wifi', 'Iron', 'Hair dryer']",219,Rating 4.5 out of 5
With private terrace! @ Hongdae,Mapo-gu,ENTIRE LOFT,2 guests,"['1 bedroom', '1 bed', '1 bath']",$53 per night,"['Kitchen', 'Wifi', 'Iron', 'Hair dryer', 'Cable TV', 'Hangers']",199,Rating 5 out of 5
MYEONG-DONG Studio # 8,Jung-gu,ENTIRE APARTMENT,4 guests,"['Studio', '1 bed', '1 bath']",$18 per night,"['Elevator', 'Kitchen', 'Wifi', 'Dryer', 'Iron', 'Hair dryer']",120,Rating 4.5 out of 5
#4 Connected to Mapo Stn./HAN River view/Hongdae,Mapo-gu,ENTIRE APARTMENT,4 guests,"['1 bedroom', '2 beds', '1 bath']",$45 per night,"['Free parking on premises', 'Elevator', 'Kitchen', 'Wifi', 'Dryer', 'Iron']",87,Rating 5 out of 5
[Myungdong] ?? Cozy Studio ??,Jung-gu,ENTIRE CONDOMINIUM,3 guests,"['1 bedroom', '2 beds', '1 bath']",$38 per night,"['Elevator', 'Kitchen', 'Wifi', 'Iron', 'Hair dryer', 'Hangers']",49,Rating 4.5 out of 5
???? Myeong Dong - N Seoul Tower View !,Jung-gu,ENTIRE LOFT,3 guests,"['1 bedroom', '2 beds', '1 bath']",$30 per night,"['Elevator', 'Kitchen', 'Wifi', 'Dryer', 'Iron', 'Hair dryer']",66,Rating 5 out of 5
** A Cozy Private Studio for Friends or Couples **,Seoul,ENTIRE APARTMENT,3 guests,"['Studio', '2 beds', '1 bath']",$38 per night,"['Elevator', 'Kitchen', 'Wifi', 'Hair dryer', 'Cable TV', 'Hangers']",71,Rating 5 out of 5
The Best Transportation + Insadong,Seoul,ENTIRE APARTMENT,2 guests,"['Studio', '1 bed', '1 bath']",$30 per night,"['Elevator', 'Kitchen', 'Wifi', 'Dryer', 'Iron', 'Hair dryer']",177,Rating 4.5 out of 5
1 minute HyochangPark station line6,??????????,PRIVATE ROOM IN HOUSE,1 guest,"['1 bedroom', '1 bed', '1 shared bath']",$20 per night,"['Kitchen', 'Wifi', 'Hair dryer', 'Hangers', 'Essentials', 'Heating']",92,Rating 5 out of 5
"Jamsil ""Comestay"" TH - Double bedroom",Songpa-gu,PRIVATE ROOM IN HOUSE,2 guests,"['1 bedroom', '1 bed', '2.5 shared baths']",$27 per night,"['Kitchen', 'Wifi', 'Breakfast', 'Dryer', 'Iron', 'Hair dryer']",147,Rating 5 out of 5
MyeongDong / Cozy & Large Guesthouse,Jongno-gu,ENTIRE APARTMENT,3 guests,"['1 bedroom', '2 beds', '1 bath']",$25 per night,"['Elevator', 'Kitchen', 'Wifi', 'Dryer', 'Iron', 'Hair dryer']",107,Rating 4.5 out of 5
NEW??[OPEN SALE]MIRACLE HOUSE??IN SEOUL [BEST PRICE],Mapo-gu,PRIVATE ROOM IN HOUSE,2 guests,"['1 bedroom', '1 bed', '1 private bath']",$26 per night,"['Free parking on premises', 'Kitchen', 'Wifi', 'Hair dryer', 'Cable TV', 'Hangers']",105,Rating 4.5 out of 5
Korean Traditional Hanok,Seoul,ENTIRE HOUSE,4 guests,"['2 bedrooms', '4 beds', '2 baths']",$182 per night,"['Kitchen', 'Wifi', 'Iron', 'Hair dryer', 'Cable TV', 'Hangers']",150,Rating 5 out of 5
"HANOK VILLAGE,OWN BED & LIVING ROOM",Jongno-gu,PRIVATE ROOM IN GUEST SUITE,3 guests,"['2 bedrooms', '3 beds', '1 private bath']",$74 per night,"['Wifi', 'Breakfast', 'Hair dryer', 'Hangers', 'Essentials', 'Shampoo']",130,Rating 5 out of 5
Economy double room(a double bed),??????,PRIVATE ROOM IN BED AND BREAKFAST,2 guests,"['1 bedroom', '1 bed', '1 bath']",$36 per night,"['Kitchen', 'Wifi', 'Breakfast', 'Cable TV', 'Shampoo', 'Heating']",69,Rating 4.5 out of 5
MAUM ATELIER 1 IN CENTER OF SEOUL,"Sajik-dong, Jongno-gu",ENTIRE APARTMENT,4 guests,"['1 bedroom', '1 bed', '1 bath']",$48 per night,"['Free parking on premises', 'Elevator', 'Kitchen', 'Wifi', 'Dryer', 'Iron']",152,Rating 5 out of 5
D/C! Hongdae 2min??Free WiFi??Best Location??????,Mapo-gu,ENTIRE APARTMENT,6 guests,"['1 bedroom', '3 beds', '1 bath']",$45 per night,"['Elevator', 'Kitchen', 'Wifi', 'Iron', 'Hair dryer', 'Cable TV']",124,Rating 4.5 out of 5
[OPEN]?????? 1?????? 10?????? 10 sec to Gangnam stn Exit 1,??????????,ENTIRE APARTMENT,3 guests,"['Studio', '2 beds', '1 bath']",$40 per night,"['Elevator', 'Kitchen', 'Wifi', 'Dryer', 'Iron', 'Hair dryer']",127,Rating 5 out of 5
Moonhouse #303 *Near Hongdae*,Mapo-gu,ENTIRE HOUSE,2 guests,"['Studio', '1 bed', '1 bath']",$38 per night,"['Free parking on premises', 'Elevator', 'Kitchen', 'Wifi', 'Iron', 'Hair dryer']",78,Rating 5 out of 5
[Myeongdong] #07Jongno Hans'house(Luggage Storage),Jongno-gu,ENTIRE LOFT,4 guests,"['1 bedroom', '2 beds', '1 bath']",$45 per night,"['Elevator', 'Kitchen', 'Wifi', 'Iron', 'Hair dryer', 'Cable TV']",67,Rating 4.5 out of 5
[Seoul Han river view] Great place!,Seoul,ENTIRE APARTMENT,4 guests,"['1 bedroom', '4 beds', '1 bath']",$36 per night,"['Elevator', 'Kitchen', 'Wifi', 'Dryer', 'Iron', 'Hair dryer']",145,Rating 5 out of 5
Hongdae 3min *Lovely Private Room*,??????????,ENTIRE APARTMENT,2 guests,"['1 bedroom', '1 bed', '1 bath']",$32 per night,"['Elevator', 'Kitchen', 'Wifi', 'Iron', 'Hair dryer', 'Hangers']",133,Rating 5 out of 5
"House-??Open a Bargain Sale?? 1min (subway, bus)",Eunpyeong-gu,ENTIRE APARTMENT,2 guests,"['1 bedroom', '1 bed', '1 bath']",$37 per night,"['Elevator', 'Kitchen', 'Wifi', 'Dryer', 'Hair dryer', 'Hangers']",162,Rating 4.5 out of 5
Calm and Friendly Mary House's White Room in seoul,Dongdaemun-gu,PRIVATE ROOM IN HOUSE,2 guests,"['1 bedroom', '1 bed', '1 shared bath']",$18 per night,"['Free parking on premises', 'Kitchen', 'Wifi', 'Breakfast', 'Dryer', 'Iron']",34,Rating 5 out of 5
#2 Connected to Mapo Stn./HAN River view/Hongdae,Mapo-gu,ENTIRE APARTMENT,4 guests,"['1 bedroom', '2 beds', '1 bath']",$45 per night,"['Free parking on premises', 'Elevator', 'Kitchen', 'Wifi', 'Dryer', 'Iron']",139,Rating 4.5 out of 5
OPEN SALE!Huge Family House/Upto 28/FREE Breakfast,Jongno-gu,ENTIRE GUEST SUITE,16+ guests,"['5 bedrooms', '25 beds', '3 baths']",$11 per night,"['Kitchen', 'Wifi', 'Breakfast', 'Dryer', 'Iron', 'Hair dryer']",20,Rating 5 out of 5
?? City Center of Seoul ?? Connected all hot spots!,?????? ????????,ENTIRE APARTMENT,4 guests,"['1 bedroom', '2 beds', '1 bath']",$35 per night,"['Free parking on premises', 'Elevator', 'Kitchen', 'Dryer', 'Iron', 'Hair dryer']",130,Rating 4.5 out of 5
MYEONG-DONG Studio # 3,Jung-gu,ENTIRE APARTMENT,3 guests,"['Studio', '2 beds', '1 bath']",$18 per night,"['Elevator', 'Kitchen', 'Wifi', 'Dryer', 'Iron', 'Hair dryer']",99,Rating 5 out of 5
[NEW]Free Pocket Wifi/Hongdae Station Area,??????????,ENTIRE APARTMENT,2 guests,"['Studio', '1 bed', '1 bath']",$31 per night,"['Free parking on premises', 'Kitchen', 'Wifi', 'Iron', 'Hair dryer', 'Hangers']",49,Rating 4.5 out of 5
"[OT1204] Viator's Minimal Hotel!, Gorgeous!",??????????,ENTIRE APARTMENT,4 guests,"['1 bedroom', '1 bed', '1 bath']",$37 per night,"['Elevator', 'Kitchen', 'Wifi', 'Hair dryer', 'Hangers', 'Essentials']",128,Rating 4.5 out of 5
FREE_WIFI_Homestay@Mapo Miffy's B&B,Mapo-gu,PRIVATE ROOM IN APARTMENT,2 guests,"['1 bedroom', '2 beds', '1 private bath']",$31 per night,"['Free parking on premises', 'Elevator', 'Hot tub', 'Kitchen', 'Wifi', 'Breakfast']",126,Rating 5 out of 5
[Open Discount]Cozy House. 2min Hongik Stn,Mapo-gu,ENTIRE HOUSE,2 guests,"['1 bedroom', '2 beds', '1 bath']",$46 per night,"['Kitchen', 'Wifi', 'Iron', 'Hair dryer', 'Hangers', 'Essentials']",100,Rating 5 out of 5
Duplex studio Itaewon@Hongdae,Yongsan-gu,ENTIRE APARTMENT,4 guests,"['Studio', '2 beds', '1 bath']",$47 per night,"['Free parking on premises', 'Elevator', 'Kitchen', 'Wifi', 'Dryer', 'Iron']",100,Rating 5 out of 5
Art House (Room1),Mapo-gu,PRIVATE ROOM IN APARTMENT,1 guest,"['1 bedroom', '1 bed', '1 shared bath']",$27 per night,"['Elevator', 'Kitchen', 'Wifi', 'Breakfast', 'Iron', 'Hair dryer']",80,Rating 5 out of 5
"Traveler's Hot Spot, Anguk station, Insadong",Seoul,ENTIRE APARTMENT,2 guests,"['Studio', '1 bed', '1 bath']",$30 per night,"['Elevator', 'Kitchen', 'Wifi', 'Dryer', 'Iron', 'Hair dryer']",201,Rating 4.5 out of 5
401-3 Cheap yet comfy stay in Seoul,Seongbuk-gu,PRIVATE ROOM IN CONDOMINIUM,2 guests,"['1 bedroom', '1 bed', '1 shared bath']",$17 per night,"['Kitchen', 'Wifi', 'Iron', 'Hair dryer', 'Hangers', 'Essentials']",108,Rating 5 out of 5
??Big City View??MyeongDong Guest house / WiFi-Egg,Jongno-gu,ENTIRE APARTMENT,3 guests,"['1 bedroom', '2 beds', '1 bath']",$69 per night,"['Elevator', 'Kitchen', 'Wifi', 'Iron', 'Hair dryer', 'Cable TV']",119,Rating 4.5 out of 5
?????? ?? ????- Gyeongbokgung Palace Central Seoul(????),Jongno-gu,ENTIRE HOUSE,3 guests,"['1 bedroom', '1 bed', '1 bath']",$116 per night,"['Wifi', 'Hair dryer', 'Essentials', 'Shampoo', 'Heating', 'Air conditioning']",102,Rating 4.5 out of 5
#MYEONG-DONG STUDIO% FREE EGG WIFI* PERFECT SPOT!#,Jung-gu,ENTIRE APARTMENT,4 guests,"['Studio', '2 beds', '1 bath']",$43 per night,"['Elevator', 'Kitchen', 'Wifi', 'Dryer', 'Iron', 'Hair dryer']",76,Rating 5 out of 5
"River view, High fl. Central SEOUL",Mapo-gu Dohwa-dong,ENTIRE APARTMENT,3 guests,"['1 bedroom', '1 bed', '1 bath']",$68 per night,"['Free parking on premises', 'Elevator', 'Kitchen', 'Wifi', 'Dryer', 'Iron']",179,Rating 5 out of 5
?? GangNam No.1 City Studio (@GangNam Stn.),"Yeoksam 1(il)-dong, Gangnam-gu",ENTIRE APARTMENT,4 guests,"['Studio', '1 bed', '1 bath']",$30 per night,"['Elevator', 'Kitchen', 'Wifi', 'Dryer', 'Iron', 'Hair dryer']",84,Rating 4.5 out of 5
+Center of Seoul+4min to Myeongdong by Subway,Seodaemun-gu,ENTIRE APARTMENT,2 guests,"['Studio', '1 bed', '1 bath']",$30 per night,"['Elevator', 'Kitchen', 'Wifi', 'Iron', 'Hair dryer', 'Cable TV']",183,Rating 4.5 out of 5
Awesome View @ Location,Seocho-gu,ENTIRE APARTMENT,4 guests,"['1 bedroom', '2 beds', '1 bath']",$45 per night,"['Elevator', 'Kitchen', 'Wifi', 'Dryer', 'Iron', 'Hair dryer']",102,Rating 5 out of 5
[New open] Clean&Nearby attractions,Eunpyeong-gu,ENTIRE APARTMENT,2 guests,"['1 bedroom', '1 bed', '1 bath']",$40 per night,"['Elevator', 'Kitchen', 'Wifi', 'Hair dryer', 'Cable TV', 'Hangers']",152,Rating 5 out of 5
Hongik.univ.stn.exit 2 30s!free potable wi-fi!,Mapo-gu,ENTIRE HOUSE,6 guests,"['1 bedroom', '3 beds', '1 bath']",$53 per night,"['Elevator', 'Kitchen', 'Wifi', 'Dryer', 'Iron', 'Hair dryer']",113,Rating 5 out of 5
Roommate 103,Seoul,ENTIRE HOUSE,2 guests,"['1 bedroom', '2 beds', '1 bath']",$28 per night,"['Kitchen', 'Wifi', 'Hair dryer', 'Essentials', 'Shampoo', 'Heating']",50,Rating 4.5 out of 5
Artist House in Center of Seoul +TERRACE,Yongsan-gu,ENTIRE HOUSE,2 guests,"['1 bedroom', '1 bed', '1 bath']",$80 per night,"['Kitchen', 'Wifi', 'Iron', 'Hair dryer', 'Hangers', 'Essentials']",112,Rating 5 out of 5
[Myeongdong] #02Jongno Hans'house(Luggage Storage),Jongno-gu,ENTIRE LOFT,4 guests,"['Studio', '3 beds', '1 bath']",$36 per night,"['Elevator', 'Kitchen', 'Wifi', 'Iron', 'Hair dryer', 'Cable TV']",52,Rating 4.5 out of 5
2Rooms!_[Planterior House4]_3mins_HongikUniv stn,Mapo-gu,ENTIRE HOUSE,6 guests,"['2 bedrooms', '3 beds', '1 bath']",$46 per night,"['Kitchen', 'Wifi', 'Iron', 'Hair dryer', 'Hangers', 'Essentials']",58,Rating 5 out of 5
[Myeongdong] Jongno Hans' house 1(Luggage Storage),??????,ENTIRE LOFT,5 guests,"['1 bedroom', '4 beds', '1 bath']",$37 per night,"['Elevator', 'Kitchen', 'Wifi', 'Iron', 'Hair dryer', 'Cable TV']",57,Rating 4.5 out of 5
"5min Lotteworld, Lakeview,Jamsil, ????,?????? ????",Songpagu Seokchondong,ENTIRE APARTMENT,4 guests,"['1 bedroom', '2 beds', '1 bath']",$62 per night,"['Free parking on premises', 'Elevator', 'Kitchen', 'Wifi', 'Dryer', 'Iron']",241,Rating 5 out of 5
FreeWifi [Planterior House3] 3mins HongikUniv stn,Mapo-gu,ENTIRE HOUSE,5 guests,"['1 bedroom', '3 beds', '1 bath']",$57 per night,"['Free parking on premises', 'Kitchen', 'Wifi', 'Iron', 'Hair dryer', 'Hangers']",106,Rating 5 out of 5
[C2] Vin's Amazing view & location in Gangnam!,Gangnam-gu,ENTIRE LOFT,2 guests,"['Studio', '1 bed', '1 bath']",$45 per night,"['Elevator', 'Kitchen', 'Wifi', 'Dryer', 'Iron', 'Hair dryer']",130,Rating 5 out of 5
Skyscraper#1. 0min to dongmyo Sub. Dongdaemun Area,Jongno-gu,ENTIRE LOFT,5 guests,"['1 bedroom', '2 beds', '1 bath']",$59 per night,"['Elevator', 'Kitchen', 'Wifi', 'Dryer', 'Iron', 'Hair dryer']",103,Rating 5 out of 5
MyeongDong ??Twinkle?? +Free WiFi,Jongno-gu,ENTIRE APARTMENT,3 guests,"['1 bedroom', '2 beds', '1 bath']",$30 per night,"['Elevator', 'Kitchen', 'Wifi', 'Iron', 'Hair dryer', 'Cable TV']",96,Rating 4.5 out of 5
Dongdaemun DW (free egg wifi+T-money),Jung-gu,ENTIRE APARTMENT,2 guests,"['1 bedroom', '1 bed', '1 bath']",$53 per night,"['Elevator', 'Kitchen', 'Wifi', 'Hair dryer', 'Hangers', 'Essentials']",162,Rating 5 out of 5
"New open#10, 3 Min@SeoulStation Duplex",Yongsan-gu,ENTIRE LOFT,6 guests,"['2 bedrooms', '4 beds', '1 bath']",$70 per night,"['Elevator', 'Kitchen', 'Wifi', 'Dryer', 'Iron', 'Hair dryer']",115,Rating 4.5 out of 5
Writer's greenery room ; near seoul station,Yongsan-gu,ENTIRE CONDOMINIUM,1 guest,"['1 bedroom', '1 bed', '1 bath']",$22 per night,"['Free parking on premises', 'Kitchen', 'Iron', 'Hair dryer', 'Hangers', 'Essentials']",29,Rating 4.5 out of 5
[SALE] Elegant Room in JASY home by Yeonnampark!,Mapo-gu,PRIVATE ROOM IN APARTMENT,4 guests,"['1 bedroom', '2 beds', '1 shared bath']",$20 per night,"['Kitchen', 'Wifi', 'Iron', 'Hair dryer', 'Cable TV', 'Hangers']",75,Rating 5 out of 5
Duplex Studio / Seoul Station / Myeongdong,Yongsan-gu,ENTIRE LOFT,7 guests,"['1 bedroom', '4 beds', '1 bath']",$66 per night,"['Elevator', 'Kitchen', 'Wifi', 'Iron', 'Hair dryer', 'Hangers']",123,Rating 4.5 out of 5
Banana homes - Single room,Yongsan-gu,PRIVATE ROOM IN HOSTEL,1 guest,"['1 bedroom', '1 bed', '1 private bath']",$28 per night,"['Kitchen', 'Wifi', 'Dryer', 'Iron', 'Hair dryer', 'Cable TV']",206,Rating 4.5 out of 5
[Seoul station] Cosy house,Yongsan-gu,ENTIRE APARTMENT,4 guests,"['2 bedrooms', '2 beds', '1 bath']",$53 per night,"['Elevator', 'Kitchen', 'Wifi', 'Dryer', 'Iron', 'Hair dryer']",80,Rating 5 out of 5
??Directly connected to the subway station??,Mapo-gu,ENTIRE APARTMENT,2 guests,"['1 bedroom', '1 bed', '1 bath']",$38 per night,"['Free parking on premises', 'Elevator', 'Kitchen', 'Wifi', 'Dryer', 'Iron']",140,Rating 4.5 out of 5
Ju's house#1. Hangang view house,??????????,ENTIRE APARTMENT,4 guests,"['1 bedroom', '2 beds', '1 bath']",$69 per night,"['Free parking on premises', 'Elevator', 'Kitchen', 'Wifi', 'Dryer', 'Iron']",170,Rating 5 out of 5
[H1] Vin's Amazing view & location in Gangnam!,Gangnam-gu,ENTIRE LOFT,2 guests,"['Studio', '1 bed', '1 bath']",$67 per night,"['Air conditioning', 'Cable TV', 'Dryer', 'Ethernet connection', 'Essentials', 'Heating']",120,Rating 5 out of 5
MyeongDong 601 ??City Window?? +Free WiFi,Jongno-gu,ENTIRE APARTMENT,3 guests,"['1 bedroom', '2 beds', '1 bath']",$30 per night,"['Elevator', 'Kitchen', 'Wifi', 'Iron', 'Hair dryer', 'Cable TV']",72,Rating 4.5 out of 5
#COZY MYEONG-DONG STUDIO % *FREE EGG WIFI* SEOUL!*,Jung-gu,ENTIRE APARTMENT,4 guests,"['Studio', '2 beds', '1 bath']",$35 per night,"['Elevator', 'Kitchen', 'Wifi', 'Dryer', 'Iron', 'Hair dryer']",72,Rating 5 out of 5
Irin's House(????????????),Ilsandong-gu,ENTIRE APARTMENT,4 guests,"['1 bedroom', '2 beds', '1 bath']",$45 per night,"['Free parking on premises', 'Elevator', 'Kitchen', 'Wifi', 'Dryer', 'Iron']",45,Rating 4.5 out of 5
FreeWifi_[Planterior House1]_3mins HongikUniv stn,Mapo-gu,ENTIRE HOUSE,5 guests,"['1 bedroom', '3 beds', '1 bath']",$44 per night,"['Kitchen', 'Wifi', 'Iron', 'Hair dryer', 'Hangers', 'Essentials']",113,Rating 5 out of 5
Modern Cozy House-2min Hongik Station,Mapo-gu,ENTIRE HOUSE,3 guests,"['1 bedroom', '2 beds', '1 bath']",$40 per night,"['Kitchen', 'Wifi', 'Iron', 'Hair dryer', 'Cable TV', 'Hangers']",87,Rating 5 out of 5
Hongdae Epicenter#L2! Best Location! Very Spacious,Mapo-gu,ENTIRE SERVICED APARTMENT,4 guests,"['Studio', '2 beds', '1 bath']",$18 per night,"['Elevator', 'Kitchen', 'Wifi', 'Iron', 'Hair dryer', 'Cable TV']",65,Rating 5 out of 5
Myeongdong Perfect Location / ???? #1,Jung-gu,ENTIRE APARTMENT,5 guests,"['1 bedroom', '3 beds', '1 bath']",$65 per night,"['Elevator', 'Kitchen', 'Wifi', 'Hair dryer', 'Hangers', 'Essentials']",142,Rating 4.5 out of 5
"Cozy Studio, Dongdaemun #4#",Jung-gu,ENTIRE APARTMENT,2 guests,"['Studio', '1 bed', '1 bath']",$44 per night,"['Elevator', 'Kitchen', 'Wifi', 'Dryer', 'Hair dryer', 'Cable TV']",54,Rating 5 out of 5
Seoul Station 3 Free GYM Viewpoints Studio~,Yongsan-gu,ENTIRE APARTMENT,4 guests,"['1 bedroom', '2 beds', '1 bath']",$71 per night,"['Elevator', 'Gym', 'Kitchen', 'Wifi', 'Dryer', 'Iron']",121,Rating 5 out of 5
#[Sale]@subway connected cozy APT free egg wifi,Mapo-gu,ENTIRE APARTMENT,3 guests,"['1 bedroom', '2 beds', '1 bath']",$35 per night,"['Elevator', 'Kitchen', 'Wifi', 'Dryer', 'Hair dryer', 'Cable TV']",109,Rating 5 out of 5
401-2 Cheap yet comfy stay in Seoul,Seongbuk-gu,PRIVATE ROOM IN CONDOMINIUM,2 guests,"['1 bedroom', '1 bed', '1 shared bath']",$17 per night,"['Kitchen', 'Wifi', 'Iron', 'Hair dryer', 'Hangers', 'Essentials']",77,Rating 5 out of 5
(HOT SALE) bibimbapguesthouse single room,Jongno-gu,PRIVATE ROOM IN HOSTEL,1 guest,"['1 bedroom', '1 bed', '1 private bath']",$37 per night,"['Kitchen', 'Wifi', 'Breakfast', 'Dryer', 'Iron', 'Hair dryer']",121,Rating 5 out of 5
MyeongDong ??Basecamp905??Comfy LOFT+Free WiFi,Jongno-gu,ENTIRE CONDOMINIUM,3 guests,"['1 bedroom', '2 beds', '1 bath']",$42 per night,"['Elevator', 'Kitchen', 'Wifi', 'Iron', 'Hair dryer', 'Cable TV']",99,Rating 5 out of 5
"Gangnam,Garosu-gil, JINJIN house",Seocho-gu,ENTIRE APARTMENT,3 guests,"['1 bedroom', '1 bed', '1 bath']",$61 per night,"['Elevator', 'Kitchen', 'Wifi', 'Iron', 'Hair dryer', 'Cable TV']",79,Rating 5 out of 5
??Helloworld House2??Hongdae 1mins!10ppl@PartyParty,Mapo-gu,ENTIRE HOUSE,10 guests,"['2 bedrooms', '4 beds', '1 bath']",$40 per night,"['Kitchen', 'Wifi', 'Iron', 'Hair dryer', 'Hangers', 'Essentials']",104,Rating 4.5 out of 5
MyeongDong ?? Cute Comfy LOFT +Free WiFi,Jongno-gu,ENTIRE APARTMENT,3 guests,"['1 bedroom', '2 beds', '1 bath']",$49 per night,"['Elevator', 'Kitchen', 'Wifi', 'Iron', 'Hair dryer', 'Cable TV']",110,Rating 4.5 out of 5
+OPEN SALE+ Duplex Studio: 1 minute away from Hongdae,Mapo-gu,ENTIRE APARTMENT,4 guests,"['1 bedroom', '2 beds', '1 bath']",$32 per night,"['Free parking on premises', 'Elevator', 'Kitchen', 'Wifi', 'Iron', 'Hair dryer']",67,Rating 4.5 out of 5
Center of seoul Gang-nam / City view / 24H guard.,Seocho-gu,ENTIRE APARTMENT,2 guests,"['1 bedroom', '1 bed', '1 bath']",$39 per night,"['Elevator', 'Kitchen', 'Wifi', 'Iron', 'Hair dryer', 'Hangers']",25,Rating 4.5 out of 5
Center of Seoul--Clean & Cozy Room,Yongsan-gu,PRIVATE ROOM IN HOUSE,1 guest,"['1 bedroom', '1 bed', '1 shared bath']",$28 per night,"['Kitchen', 'Wifi', 'Dryer', 'Iron', 'Hair dryer', 'Hangers']",85,Rating 5 out of 5
Seoul station 1 Free GYM Viewpoints Studio~,Yongsan-gu,ENTIRE APARTMENT,4 guests,"['1 bedroom', '2 beds', '1 bath']",$78 per night,"['Elevator', 'Gym', 'Kitchen', 'Wifi', 'Dryer', 'Iron']",84,Rating 5 out of 5
401-1 Cheap yet comfy stay in Seoul,Seongbuk-gu,PRIVATE ROOM IN CONDOMINIUM,2 guests,"['1 bedroom', '1 bed', '1 shared bath']",$20 per night,"['Kitchen', 'Wifi', 'Iron', 'Hair dryer', 'Hangers', 'Essentials']",101,Rating 5 out of 5
[3min] DONGDAEMUN | H BY H STUDIO,??????????,ENTIRE APARTMENT,6 guests,"['1 bedroom', '3 beds', '1 bath']",$22 per night,"['Elevator', 'Kitchen', 'Wifi', 'Hair dryer', 'Cable TV', 'Hangers']",85,Rating 4.5 out of 5
Welcome! Artist's luxury flat @Trendy area,Yongsan-gu,ENTIRE HOUSE,2 guests,"['1 bedroom', '1 bed', '1 bath']",$85 per night,"['Kitchen', 'Wifi', 'Iron', 'Hair dryer', 'Hangers', 'Essentials']",124,Rating 5 out of 5
1??OZhouse??3min from hongdae station#private room,Mapo-gu,PRIVATE ROOM IN GUESTHOUSE,2 guests,"['1 bedroom', '1 bed', '1 shared bath']",$29 per night,"['Free parking on premises', 'Kitchen', 'Wifi', 'Hair dryer', 'Hangers', 'Essentials']",49,Rating 5 out of 5
Comfortable room No.3,Seocho-gu,ENTIRE APARTMENT,2 guests,"['1 bedroom', '1 bed', '1 bath']",$39 per night,"['Kitchen', 'Wifi', 'Iron', 'Hair dryer', 'Cable TV', 'Hangers']",59,Rating 4.5 out of 5
#1. Seoul Station+3 mins@Korean mood@Terrace!,Yongsan-gu,ENTIRE APARTMENT,3 guests,"['1 bedroom', '2 beds', '1 bath']",$50 per night,"['Elevator', 'Kitchen', 'Wifi', 'Iron', 'Hair dryer', 'Hangers']",89,Rating 5 out of 5
2mins walk from Exit 8 of Hong-ik univ stn! Cozy#2,Mapo-gu,ENTIRE TOWNHOUSE,4 guests,"['1 bedroom', '2 beds', '1 bath']",$51 per night,"['Kitchen', 'Wifi', 'Iron', 'Hair dryer', 'Cable TV', 'Hangers']",109,Rating 5 out of 5
405[HOT PRICE] QN AC/WiFi/privbathr,Jung-gu,PRIVATE ROOM IN APARTMENT,2 guests,"['1 bedroom', '1 bed', '1 bath']",$31 per night,"['Kitchen', 'Wifi', 'Breakfast', 'Dryer', 'Hair dryer', 'Cable TV']",98,Rating 4 out of 5
MyeongDong ?? Comfy / Free WiFi Egg ?? Guest house,Jongno-gu,ENTIRE APARTMENT,3 guests,"['1 bedroom', '2 beds', '1 bath']",$26 per night,"['Elevator', 'Kitchen', 'Wifi', 'Iron', 'Hair dryer', 'Cable TV']",87,Rating 4.5 out of 5
A cozy house (6 ppl.) in conveniently situated Yongsan + free Wifi,Yongsan-gu,ENTIRE LOFT,6 guests,"['2 bedrooms', '3 beds', '1 bath']",$44 per night,"['Elevator', 'Kitchen', 'Wifi', 'Iron', 'Hair dryer', 'Cable TV']",119,Rating 4.5 out of 5
[ Myeongdong] #002 Jongno Nana'house,Jongno-gu,ENTIRE APARTMENT,2 guests,"['Studio', '1 bed', '1 bath']",$37 per night,"['Elevator', 'Kitchen', 'Wifi', 'Iron', 'Hair dryer', 'Cable TV']",80,Rating 5 out of 5
[NEW]Personal Internet/Pocket Egg/Hongdea/Rooftop,Mapo-gu,ENTIRE APARTMENT,2 guests,"['Studio', '1 bed', '1 bath']",$27 per night,"['Free parking on premises', 'Kitchen', 'Wifi', 'Iron', 'Hair dryer', 'Cable TV']",38,Rating 4.5 out of 5
[SALE] ???????????? ?? / ??????????3?? artist house2,Mapo-gu,ENTIRE HOUSE,6 guests,"['2 bedrooms', '3 beds', '1 bath']",$67 per night,"['Kitchen', 'Wifi', 'Dryer', 'Iron', 'Hair dryer', 'Hangers']",86,Rating 4.5 out of 5
???? Studio #2 (1min metro/freeWiFi),Myeong-dong,ENTIRE APARTMENT,3 guests,"['Studio', '1 bed', '1 bath']",$70 per night,"['Elevator', 'Kitchen', 'Wifi', 'Dryer', 'Hair dryer', 'Cable TV']",145,Rating 5 out of 5
[Open sale] Hongdae ??hot location ?? Free Wi-Fi,Mapo-gu,ENTIRE APARTMENT,2 guests,"['1 bedroom', '1 bed', '1 bath']",$37 per night,"['Kitchen', 'Wifi', 'Iron', 'Hair dryer', 'Cable TV', 'Hangers']",98,Rating 4.5 out of 5
"Vinehouse, 100 years old Traditional Double room2",Jongno-gu,PRIVATE ROOM IN HOUSE,2 guests,"['1 bedroom', '2 beds', '1 private bath']",$80 per night,"['Free parking on premises', 'Kitchen', 'Wifi', 'Breakfast', 'Dryer', 'Hair dryer']",250,Rating 5 out of 5
Clean and Cozy Chris Hostel #1 Single Room106,Seongdong-gu,PRIVATE ROOM IN HOSTEL,1 guest,"['1 bedroom', '1 bed', '1 private bath']",$18 per night,"['Kitchen', 'Wifi', 'Dryer', 'Iron', 'Hair dryer', 'Cable TV']",67,Rating 4.5 out of 5
????????NEW Studio in Dong-dae-mun,Jung-gu,ENTIRE APARTMENT,3 guests,"['1 bedroom', '1 bed', '1 bath']",$55 per night,"['Elevator', 'Kitchen', 'Wifi', 'Dryer', 'Hair dryer', 'Cable TV']",96,Rating 4.5 out of 5
Dongdaemun*2 super single beds,Jung-gu,ENTIRE LOFT,2 guests,"['1 bedroom', '2 beds', '1 bath']",$26 per night,"['Elevator', 'Indoor fireplace', 'Kitchen', 'Wifi', 'Dryer', 'Iron']",76,Rating 5 out of 5
Duplex Penthouse Hongdae station (Garden view),Mapo-gu,ENTIRE APARTMENT,8 guests,"['1 bedroom', '4 beds', '1 bath']",$83 per night,"['Free parking on premises', 'Elevator', 'Kitchen', 'Wifi', 'Iron', 'Hair dryer']",72,Rating 5 out of 5
Open Sale!! Nearest Hongdae (30sec from Gongdeok),Gongdeok-dong,ENTIRE APARTMENT,4 guests,"['1 bedroom', '2 beds', '1 bath']",$40 per night,"['Free parking on premises', 'Elevator', 'Kitchen', 'Wifi', 'Dryer', 'Iron']",42,Rating 4.5 out of 5
Lovely Apartment w/ Terrace. View to N-Seoul Tower,Yongsan-gu,ENTIRE CONDOMINIUM,2 guests,"['1 bedroom', '1 bed', '1 bath']",$47 per night,"['Free parking on premises', 'Kitchen', 'Wifi', 'Iron', 'Hair dryer', 'Cable TV']",88,Rating 5 out of 5
[New open/Free Wifi]Clean & Cozy House in Hongdae,Mapo-gu,ENTIRE APARTMENT,3 guests,"['1 bedroom', '2 beds', '1 bath']",$46 per night,"['Free parking on premises', 'Elevator', 'Kitchen', 'Wifi', 'Dryer', 'Hair dryer']",50,Rating 5 out of 5
"Modern & Cosy flat, Trendy area",Yongsan-gu,ENTIRE HOUSE,2 guests,"['1 bedroom', '1 bed', '1 bath']",$80 per night,"['Kitchen', 'Wifi', 'Iron', 'Hair dryer', 'Hangers', 'Essentials']",89,Rating 5 out of 5
Gangnam stn New Clean & Comfort Apartment,Gangnam-gu,ENTIRE HOUSE,6 guests,"['1 bedroom', '3 beds', '1 bath']",$64 per night,"['Elevator', 'Kitchen', 'Wifi', 'Dryer', 'Iron', 'Hair dryer']",126,Rating 5 out of 5
Nearby unique guesthouse^^in Jamsil,Songpa-gu,ENTIRE HOUSE,4 guests,"['1 bedroom', '3 beds', '1 bath']",$22 per night,"['Free parking on premises', 'Kitchen', 'Wifi', 'Iron', 'Hair dryer', 'Cable TV']",181,Rating 4.5 out of 5
Cute & Lovely fillhouse - ITAEWON 2,Yongsan-gu,PRIVATE ROOM IN HOUSE,3 guests,"['1 bedroom', '2 beds', '1 shared bath']",$28 per night,"['Kitchen', 'Wifi', 'Dryer', 'Hair dryer', 'Cable TV', 'Hangers']",137,Rating 5 out of 5
[egg] Private cozy no.1,Gangnam-gu,ENTIRE LOFT,2 guests,"['1 bedroom', '1 bed', '1 bath']",$45 per night,"['Kitchen', 'Wifi', 'Iron', 'Hair dryer', 'Cable TV', 'Hangers']",52,Rating 4.5 out of 5
2 Seoul Sta. Free GYM Viewpoints Studio~,Yongsan-gu,ENTIRE APARTMENT,4 guests,"['1 bedroom', '2 beds', '1 bath']",$78 per night,"['Elevator', 'Gym', 'Kitchen', 'Wifi', 'Dryer', 'Iron']",115,Rating 5 out of 5
Private twin room (bunk bed),Mapo-gu,PRIVATE ROOM IN BED AND BREAKFAST,2 guests,"['1 bedroom', '2 beds', '3 baths']",$41 per night,"['Free parking on premises', 'Kitchen', 'Wifi', 'Breakfast', 'Cable TV', 'Shampoo']",100,Rating 4.5 out of 5
MYEONG-DONG Studio # 1,Jung-gu,ENTIRE APARTMENT,4 guests,"['Studio', '2 beds', '1 bath']",$36 per night,"['Elevator', 'Kitchen', 'Wifi', 'Dryer', 'Iron', 'Hair dryer']",123,Rating 4.5 out of 5
#3 Connceted to Mapo Stn./HAN River View/Hongdae,Mapo-gu,ENTIRE APARTMENT,4 guests,"['1 bedroom', '2 beds', '1 bath']",$36 per night,"['Free parking on premises', 'Elevator', 'Kitchen', 'Wifi', 'Dryer', 'Iron']",45,Rating 4.5 out of 5
"[Summer Sale] 42"" Ted's modern & Fancy studio",Gangseo-gu,ENTIRE APARTMENT,3 guests,"['1 bedroom', '2 beds', '1 bath']",$31 per night,"['Elevator', 'Wifi', 'Dryer', 'Iron', 'Hair dryer', 'Cable TV']",67,Rating 4.5 out of 5
Hongik Univ(Hongdae)/82Sqm/3room/1min from station,Mapo-gu,ENTIRE APARTMENT,9 guests,"['3 bedrooms', '5 beds', '1 bath']",$105 per night,"['Kitchen', 'Wifi', 'Iron', 'Hair dryer', 'Cable TV', 'Hangers']",113,Rating 5 out of 5
"2-Room Spacious Apt, Great Location",Guro-gu,ENTIRE APARTMENT,6 guests,"['2 bedrooms', '2 beds', '1 bath']",$73 per night,"['Free parking on premises', 'Elevator', 'Kitchen', 'Wifi', 'Iron', 'Hair dryer']",147,Rating 5 out of 5
MYEONG-DONG Anna Studio #5,Junggu,ENTIRE APARTMENT,3 guests,"['1 bedroom', '1 bed', '1 bath']",$45 per night,"['Elevator', 'Hot tub', 'Kitchen', 'Wifi', 'Dryer', 'Iron']",107,Rating 5 out of 5
Hongdae Epicenter#S1! Best Location! Great Value!,Mapo-gu,ENTIRE APARTMENT,4 guests,"['Studio', '2 beds', '1 bath']",$18 per night,"['Elevator', 'Kitchen', 'Wifi', 'Iron', 'Hair dryer', 'Cable TV']",96,Rating 5 out of 5
[Myeongdong] Jongno Hans' house 5(Luggage Storage),??????,ENTIRE LOFT,4 guests,"['1 bedroom', '3 beds', '1 bath']",$45 per night,"['Elevator', 'Kitchen', 'Wifi', 'Iron', 'Hair dryer', 'Cable TV']",50,Rating 4.5 out of 5
New! Cozy Studio double bed/ ??????/????????/ ??????????????????????,Dongdaemun-gu,ENTIRE APARTMENT,2 guests,"['1 bedroom', '1 bed', '1 bath']",$38 per night,"['Free parking on premises', 'Kitchen', 'Wifi', 'Breakfast', 'Iron', 'Hair dryer']",66,Rating 5 out of 5
"01Near Itaewon, Myung-Dong, Hongdae[D'N'House]",Yongsan-gu,ENTIRE APARTMENT,4 guests,"['Studio', '2 beds', '1 bath']",$52 per night,"['Free parking on premises', 'Elevator', 'Kitchen', 'Wifi', 'Dryer', 'Iron']",103,Rating 5 out of 5
[ Myeongdong] #003Jongno Nana'house,Jongno-gu,ENTIRE APARTMENT,3 guests,"['Studio', '2 beds', '1 bath']",$53 per night,"['Elevator', 'Kitchen', 'Wifi', 'Iron', 'Hair dryer', 'Cable TV']",74,Rating 5 out of 5
PERFECT #MYEONG-DONG STUDIO$ *FREE EGG WIFI* COZY^,Jung-gu,ENTIRE APARTMENT,4 guests,"['Studio', '2 beds', '1 bath']",$40 per night,"['Elevator', 'Kitchen', 'Wifi', 'Dryer', 'Iron', 'Hair dryer']",68,Rating 5 out of 5
Very good location. The roadside aprtment new open,Mapo-gu,ENTIRE APARTMENT,5 guests,"['1 bedroom', '2 beds', '1 bath']",$22 per night,"['Elevator', 'Kitchen', 'Wifi', 'Dryer', 'Iron', 'Hair dryer']",49,Rating 4.5 out of 5
Modern Classic house,Yangcheon-gu,ENTIRE APARTMENT,4 guests,"['1 bedroom', '1 bed', '1 bath']",$44 per night,"['Free parking on premises', 'Elevator', 'Kitchen', 'Wifi', 'Iron', 'Hair dryer']",67,Rating 4.5 out of 5
Myeongdong Perfect Location / ???? #3,Jung-gu,ENTIRE APARTMENT,5 guests,"['1 bedroom', '2 beds', '1 bath']",$70 per night,"['Elevator', 'Kitchen', 'Wifi', 'Iron', 'Hair dryer', 'Hangers']",88,Rating 4.5 out of 5
OPEN?? Nice TERRACE House in Hongdae,mapogu,ENTIRE APARTMENT,3 guests,"['1 bedroom', '1 bed', '1 bath']",$57 per night,"['Free parking on premises', 'Kitchen', 'Wifi', 'Iron', 'Hair dryer', 'Hangers']",72,Rating 4.5 out of 5
OPEN Gangnam Airbed&Bread,??????????,ENTIRE HOUSE,3 guests,"['1 bedroom', '1 bed', '1 bath']",$35 per night,"['Free parking on premises', 'Kitchen', 'Wifi', 'Iron', 'Hair dryer', 'Hangers']",152,Rating 4 out of 5
E??Helloworld House?? Private room,Mapo-gu,PRIVATE ROOM IN CONDOMINIUM,2 guests,"['1 bedroom', '2 beds', '1 shared bath']",$23 per night,"['Kitchen', 'Wifi', 'Dryer', 'Iron', 'Hair dryer', 'Hangers']",120,Rating 5 out of 5
??????Myeong-dong#a??Free portable WiFi,Jung-gu,ENTIRE APARTMENT,4 guests,"['Studio', '2 beds', '1 bath']",$50 per night,"['Elevator', 'Kitchen', 'Wifi', 'Dryer', 'Hair dryer', 'Cable TV']",72,Rating 5 out of 5
Hongdae 3min *Bright Private Room*,Seoul,ENTIRE APARTMENT,2 guests,"['1 bedroom', '1 bed', '1 bath']",$34 per night,"['Elevator', 'Kitchen', 'Wifi', 'Iron', 'Hair dryer', 'Hangers']",165,Rating 5 out of 5
Nearby Myeongdong&Hongdae 4 Subway lines Free wifi,Yongsan-gu,ENTIRE APARTMENT,5 guests,"['1 bedroom', '3 beds', '1 bath']",$50 per night,"['Free parking on premises', 'Elevator', 'Kitchen', 'Wifi', 'Dryer', 'Iron']",204,Rating 5 out of 5
MYEONG-DONG Anna Studio #1,Jung-gu,ENTIRE APARTMENT,3 guests,"['1 bedroom', '1 bed', '1 bath']",$62 per night,"['Elevator', 'Kitchen', 'Wifi', 'Dryer', 'Iron', 'Hair dryer']",102,Rating 5 out of 5
CHECKINNPLZ -2f,Seoul,ENTIRE HOUSE,4 guests,"['1 bedroom', '1 bed', '1 bath']",$71 per night,"['Free parking on premises', 'Kitchen', 'Wifi', 'Iron', 'Hair dryer', 'Hangers']",126,Rating 4.5 out of 5
rest in ITW: Itaewon/Hannam/Usadan-ro,??????????,ENTIRE CONDOMINIUM,3 guests,"['1 bedroom', '2 beds', '1 bath']",$35 per night,"['Kitchen', 'Wifi', 'Iron', 'Hair dryer', 'Cable TV', 'Hangers']",120,Rating 4.5 out of 5
Lovely N Chilling [Heeppy House],Seongdong-gu,ENTIRE APARTMENT,3 guests,"['Studio', '1 bed', '1 bath']",$37 per night,"['Elevator', 'Gym', 'Kitchen', 'Wifi', 'Iron', 'Hair dryer']",104,Rating 5 out of 5
"Lovely House #3 / Roof top, /Pocket-Wifi Egg",Mapo-gu,ENTIRE APARTMENT,2 guests,"['1 bedroom', '1 bed', '1 bath']",$40 per night,"['Kitchen', 'Wifi', 'Hair dryer', 'Cable TV', 'Hangers', 'Essentials']",94,Rating 5 out of 5
MYEONG DONG best LOCATION for 2P@51,Jung-gu,ENTIRE APARTMENT,2 guests,"['Studio', '1 bed', '1 bath']",$25 per night,"['Elevator', 'Kitchen', 'Wifi', 'Iron', 'Hair dryer', 'Cable TV']",66,Rating 4.5 out of 5
[T1] Vin's Amazing view & location in Gangnam!,Gangnam-gu,ENTIRE LOFT,2 guests,"['Studio', '1 bed', '1 bath']",$63 per night,"['Air conditioning', 'Cable TV', 'Dryer', 'Ethernet connection', 'Essentials', 'Heating']",119,Rating 5 out of 5
[S1]GREAT VIEW/NEXT TO GANGNAM STN,Gangnam-gu,ENTIRE APARTMENT,2 guests,"['Studio', '1 bed', '1 bath']",$53 per night,"['Elevator', 'Gym', 'Kitchen', 'Wifi', 'Breakfast', 'Dryer']",138,Rating 5 out of 5
[white] SEOUL vintage Hongdae&Mangwon&Hanriver,Yeongdeungpo-gu,ENTIRE HOUSE,2 guests,"['1 bedroom', '2 beds', '1 bath']",$28 per night,"['Kitchen', 'Wifi', 'Hair dryer', 'Hangers', 'Essentials', 'Shampoo']",67,Rating 4.5 out of 5
?? OPEN SALE ?? han river view house,Jongno-gu,ENTIRE APARTMENT,3 guests,"['Studio', '2 beds', '1 bath']",$46 per night,"['Elevator', 'Kitchen', 'Wifi', 'Iron', 'Hair dryer', 'Hangers']",152,Rating 5 out of 5
5 Seconds to Subway(Dongmyo Stn). Dongdaemun Area,Mapo-gu,ENTIRE LOFT,4 guests,"['1 bedroom', '2 beds', '1 bath']",$56 per night,"['Elevator', 'Indoor fireplace', 'Kitchen', 'Wifi', 'Iron', 'Hair dryer']",101,Rating 5 out of 5
E's House near Hongdae area. Great location!!,Mapo-gu,ENTIRE LOFT,4 guests,"['2 bedrooms', '1 bed', '1 bath']",$55 per night,"['Free parking on premises', 'Elevator', 'Kitchen', 'Wifi', 'Dryer', 'Iron']",86,Rating 5 out of 5
#5 Connceted to Mapo Stn./HAN River View/Hongdae,Jongno-gu,ENTIRE APARTMENT,2 guests,"['1 bedroom', '1 bed', '1 bath']",$45 per night,"['Free parking on premises', 'Elevator', 'Kitchen', 'Wifi', 'Dryer', 'Iron']",29,Rating 5 out of 5
Free WiFi / Duplex in Jongro & Myungdong #1,??????,ENTIRE LOFT,6 guests,"['1 bedroom', '4 beds', '1 bath']",$50 per night,"['Elevator', 'Kitchen', 'Wifi', 'Iron', 'Hair dryer', 'Cable TV']",57,Rating 4.5 out of 5
Savvy private Room near SNU!,Jung-gu,PRIVATE ROOM IN APARTMENT,1 guest,"['1 bedroom', '1 bed', '1 bath']",$19 per night,"['Kitchen', 'Wifi', 'Iron', 'Hair dryer', 'Hangers', 'Essentials']",57,Rating 5 out of 5
??????/leaf of grass/???? Namsan view/hyojung house,Seodaemun-gu,ENTIRE TOWNHOUSE,2 guests,"['1 bedroom', '1 bed', '1 bath']",$35 per night,"['Kitchen', 'Wifi', 'Dryer', 'Iron', 'Hair dryer', 'Cable TV']",74,Rating 4.5 out of 5
Newly Open&Big Guest Room_5mins from Hongdae stn..,??????????,ENTIRE HOUSE,5 guests,"['1 bedroom', '2 beds', '1 bath']",$35 per night,"['Kitchen', 'Wifi', 'Dryer', 'Iron', 'Hair dryer', 'Cable TV']",45,Rating 4.5 out of 5
HEAVEN,Jung-gu,PRIVATE ROOM IN HOUSE,4 guests,"['1 bedroom', '2 beds', '1 shared bath']",$56 per night,"['Kitchen', 'Wifi', 'Iron', 'Hair dryer', 'Hangers', 'Essentials']",156,Rating 5 out of 5
[Myeongdong]seoul tower view - wifi,Jongno-gu,ENTIRE APARTMENT,3 guests,"['Studio', '2 beds', '1 bath']",$65 per night,"['Elevator', 'Kitchen', 'Wifi', 'Iron', 'Hair dryer', 'Cable TV']",157,Rating 5 out of 5
[Myeong-dong] Mono House (new open discount),Seoul,ENTIRE LOFT,4 guests,"['2 bedrooms', '2 beds', '1 bath']",$49 per night,"['Elevator', 'Kitchen', 'Wifi', 'Iron', 'Hair dryer', 'Cable TV']",21,Rating 4.5 out of 5
Bomun station. Full equiped house,Yongsan-gu,ENTIRE APARTMENT,4 guests,"['2 bedrooms', '2 beds', '1 bath']",$45 per night,"['Kitchen', 'Wifi', 'Iron', 'Hair dryer', 'Hangers', 'Essentials']",128,Rating 5 out of 5
SALE! FnsticView (Email hidden by Airbnb),Mapo-gu,ENTIRE APARTMENT,6 guests,"['2 bedrooms', '4 beds', '1 bath']",$31 per night,"['Kitchen', 'Wifi', 'Iron', 'Hair dryer', 'Hangers', 'Essentials']",122,Rating 4 out of 5
Lovely house 5min Hongik stn-1BR+1Dining room,Gangseo-gu,ENTIRE HOUSE,2 guests,"['1 bedroom', '2 beds', '1 bath']",$36 per night,"['Kitchen', 'Wifi', 'Iron', 'Hair dryer', 'Cable TV', 'Hangers']",69,Rating 4.5 out of 5
10mins to Gimpo airport by walk!,Jung-gu,ENTIRE LOFT,2 guests,"['1 bedroom', '1 bed', '1 bath']",$46 per night,"['Elevator', 'Kitchen', 'Wifi', 'Iron', 'Hair dryer', 'Hangers']",165,Rating 5 out of 5
"Clean, Comfortable accommodation Double(2 people)",Yongsan-gu,PRIVATE ROOM IN CONDOMINIUM,2 guests,"['2 bedrooms', '2 beds', 'Shared half-bath']",$20 per night,"['Elevator', 'Kitchen', 'Wifi', 'Breakfast', 'Hair dryer', 'Essentials']",101,Rating 5 out of 5
Friends House R1,"Deungchon 1(il)-dong, Seoul",ENTIRE HOUSE,1 guest,"['1 bedroom', '1 bed', '1 bath']",$24 per night,"['Kitchen', 'Wifi', 'Essentials', 'Shampoo', 'Heating', 'Washer']",69,Rating 4.5 out of 5
11 - Private cozy loft near Metro station,Yongsan-gu,ENTIRE LOFT,4 guests,"['1 bedroom', '2 beds', '1 bath']",$36 per night,"['Elevator', 'Kitchen', 'Wifi', 'Dryer', 'Hair dryer', 'Cable TV']",79,Rating 4.5 out of 5
#4 Seoul station 2min!! 4th Dada house,Songpa-gu,ENTIRE APARTMENT,6 guests,"['2 bedrooms', '3 beds', '1 bath']",$45 per night,"['Kitchen', 'Wifi', 'Dryer', 'Iron', 'Hair dryer', 'Cable TV']",108,Rating 4.5 out of 5
"Jamsil ""Comestay"" CA - Double bedroom","Guui 2(i)-dong, Gwangjin-gu",PRIVATE ROOM IN HOUSE,2 guests,"['1 bedroom', '1 bed', '2.5 shared baths']",$23 per night,"['Kitchen', 'Wifi', 'Breakfast', 'Dryer', 'Iron', 'Hair dryer']",135,Rating 5 out of 5
"[Cheap, Clean] Private room",Jung-gu,PRIVATE ROOM IN HOUSE,2 guests,"['1 bedroom', '1 bed', '1 bath']",$28 per night,"['Free parking on premises', 'Kitchen', 'Wifi', 'Iron', 'Hair dryer', 'Cable TV']",142,Rating 4.5 out of 5
[Myeongdong] ??New Open??Cozy Studio,Mapo-gu,ENTIRE CONDOMINIUM,3 guests,"['2 bedrooms', '3 beds', '1 bath']",$42 per night,"['Elevator', 'Kitchen', 'Wifi', 'Iron', 'Hair dryer', 'Hangers']",34,Rating 5 out of 5
[Ewha & Sinchon] HaPPy Jeany's Home,Yongsan-gu,ENTIRE APARTMENT,3 guests,"['1 bedroom', '2 beds', '1 bath']",$50 per night,"['Free parking on premises', 'Elevator', 'Kitchen', 'Wifi', 'Iron', 'Hair dryer']",121,Rating 5 out of 5
101Renovation Seoul Station Metro 4min. Clean&Cozy,Mapo-gu,ENTIRE HOUSE,3 guests,"['Studio', '2 beds', '1 bath']",$31 per night,"['Kitchen', 'Wifi', 'Iron', 'Hair dryer', 'Cable TV', 'Hangers']",101,Rating 4.5 out of 5
Private Double bed room J house & 1Extra bed,Mapo-gu,ENTIRE APARTMENT,2 guests,"['Studio', '1 bed', '1 bath']",$38 per night,"['Wifi', 'Iron', 'Hair dryer', 'Cable TV', 'Hangers', 'Essentials']",91,Rating 4.5 out of 5
??Helloworld House7??Hongdae!@PartyParty,mapo-gu,ENTIRE HOUSE,10 guests,"['2 bedrooms', '4 beds', '1 bath']",$53 per night,"['Kitchen', 'Wifi', 'Iron', 'Hair dryer', 'Hangers', 'Essentials']",78,Rating 4.5 out of 5
[Hongdae Modern DUAL STAGE house],Jongno-gu,ENTIRE APARTMENT,8 guests,"['2 bedrooms', '4 beds', '1 bath']",$71 per night,"['Elevator', 'Kitchen', 'Wifi', 'Iron', 'Hair dryer', 'Cable TV']",151,Rating 5 out of 5
"Seoul Lucky GuestHouse, Room with Private Bath #2",Gangseo-gu,PRIVATE ROOM IN HOUSE,2 guests,"['1 bedroom', '1 bed', '1 private bath']",$31 per night,"['Kitchen', 'Wifi', 'Breakfast', 'Iron', 'Hair dryer', 'Hangers']",143,Rating 4.5 out of 5
???? ???? ??????????,Seodaemun-gu,ENTIRE CONDOMINIUM,3 guests,"['1 bedroom', '2 beds', '1 bath']",$27 per night,"['Free parking on premises', 'Kitchen', 'Wifi', 'Dryer', 'Iron', 'Hair dryer']",108,Rating 5 out of 5
Ehwa Women's University Station - Great transportation,Jung-gu,PRIVATE ROOM IN HOUSE,4 guests,"['1 bedroom', '1 bed', '1 private bath']",$22 per night,"['Kitchen', 'Wifi', 'Breakfast', 'Dryer', 'Iron', 'Hair dryer']",91,Rating 4.5 out of 5
A25 Cozy House near myeongdong street 2 mins!!,Yongsan-gu,ENTIRE APARTMENT,3 guests,"['1 bedroom', '2 beds', '1 bath']",$47 per night,"['Kitchen', 'Wifi', 'Iron', 'Hair dryer', 'Cable TV', 'Hangers']",70,Rating 5 out of 5
???? 1???? _Itaewon station in 5mns,??????????,ENTIRE APARTMENT,2 guests,"['Studio', '1 bed', '1 bath']",$43 per night,"['Kitchen', 'Wifi', 'Iron', 'Hair dryer', 'Hangers', 'Essentials']",69,Rating 4.5 out of 5
Tidy Studio in Dongdaemun Myeongdong (Free Egg),Songpa-gu,ENTIRE APARTMENT,4 guests,"['1 bedroom', '1 bed', '1 bath']",$59 per night,"['Elevator', 'Kitchen', 'Wifi', 'Dryer', 'Iron', 'Hair dryer']",97,Rating 4 out of 5
"""Comestay"" Double bed+bunk bed Room KR",Yangcheon-gu,PRIVATE ROOM IN HOUSE,4 guests,"['1 bedroom', '2 beds', '2.5 shared baths']",$22 per night,"['Kitchen', 'Wifi', 'Breakfast', 'Dryer', 'Iron', 'Hair dryer']",139,Rating 5 out of 5
"1min to subway, duplex clean studio",Mapo-gu,ENTIRE APARTMENT,2 guests,"['1 bedroom', '1 bed', '1 bath']",$35 per night,"['Free parking on premises', 'Elevator', 'Kitchen', 'Wifi', 'Iron', 'Hair dryer']",64,Rating 5 out of 5
Twin Rabbit Guest house_Twin room,Jung-gu,PRIVATE ROOM IN HOUSE,2 guests,"['1 bedroom', '2 beds', '1 private bath']",$36 per night,"['Free parking on premises', 'Elevator', 'Kitchen', 'Wifi', 'Breakfast', 'Dryer']",82,Rating 4.5 out of 5
"Cozy Studio, Dongdaemun",Gangnam-gu,ENTIRE APARTMENT,3 guests,"['Studio', '1 bed', '1 bath']",$44 per night,"['Elevator', 'Kitchen', 'Wifi', 'Dryer', 'Hair dryer', 'Cable TV']",87,Rating 5 out of 5
City of center Kangnam Entire flat,Jongno-gu,ENTIRE CONDOMINIUM,2 guests,"['1 bedroom', '1 bed', '1 bath']",$53 per night,"['Kitchen', 'Wifi', 'Dryer', 'Iron', 'Hair dryer', 'Cable TV']",144,Rating 5 out of 5
"NEW!Seoul,Jongno,Changdeok Palace#i",Jongno-gu,ENTIRE APARTMENT,3 guests,"['1 bedroom', '2 beds', '1 bath']",$44 per night,"['Kitchen', 'Wifi', 'Iron', 'Hair dryer', 'Cable TV', 'Hangers']",140,Rating 5 out of 5
???? MYEONG DONG -Portable WIFI #2 (NEW),Seodaemun-gu,ENTIRE HOUSE,4 guests,"['1 bedroom', '3 beds', '1 bath']",$55 per night,"['Elevator', 'Kitchen', 'Wifi', 'Iron', 'Hair dryer', 'Cable TV']",54,Rating 5 out of 5
[Open sale]Hongdae 3min *Comfy Private Room*,Seodaemun-gu,ENTIRE APARTMENT,2 guests,"['Studio', '1 bed', '1 bath']",$30 per night,"['Elevator', 'Kitchen', 'Wifi', 'Iron', 'Hair dryer', 'Hangers']",64,Rating 5 out of 5
Newly Open*Guest Room_5mins from Hongdae stn.,Mapo-gu,ENTIRE HOUSE,3 guests,"['1 bedroom', '2 beds', '1 bath']",$40 per night,"['Kitchen', 'Wifi', 'Dryer', 'Iron', 'Hair dryer', 'Cable TV']",51,Rating 4.5 out of 5
NEW1??[Open SALE]HONGDAE MIRACLE HOUSE??BEST LOCTION,Gangdong-gu,PRIVATE ROOM IN APARTMENT,2 guests,"['1 bedroom', '1 bed', '1 shared bath']",$26 per night,"['Kitchen', 'Wifi', 'Dryer', 'Iron', 'Hair dryer', 'Cable TV']",86,Rating 5 out of 5
"Private room&bath, Next to St. Market #504 (??????????)",Jongno-gu,ENTIRE APARTMENT,2 guests,"['Studio', '1 bed', '1 bath']",$37 per night,"['Free parking on premises', 'Elevator', 'Kitchen', 'Wifi', 'Iron', 'Hair dryer']",100,Rating 5 out of 5
[Myeong-dong] Line friends house,??????????,ENTIRE LOFT,6 guests,"['2 bedrooms', '3 beds', '1 bath']",$49 per night,"['Elevator', 'Kitchen', 'Wifi', 'Iron', 'Hair dryer', 'Hangers']",31,Rating 4.5 out of 5
[SALE]StudioApt/Budget@SeoulStn,Deungchon 1(il)-dong,ENTIRE HOUSE,2 guests,"['1 bedroom', '2 beds', '1 bath']",$18 per night,"['Kitchen', 'Wifi', 'Iron', 'Hair dryer', 'Hangers', 'Essentials']",102,Rating 4 out of 5
21 - Private cozy loft near Metro station,Yongsan-gu,ENTIRE LOFT,4 guests,"['1 bedroom', '2 beds', '1 bath']",$39 per night,"['Elevator', 'Kitchen', 'Wifi', 'Dryer', 'Iron', 'Hair dryer']",94,Rating 5 out of 5
"USEE 1: Nice & clean studio, Itaewon,Yongsan",Jung-gu,ENTIRE HOUSE,2 guests,"['1 bedroom', '1 bed', '1 bath']",$36 per night,"['Kitchen', 'Wifi', 'Hair dryer', 'Hangers', 'Essentials', 'Shampoo']",101,Rating 4.5 out of 5
Cozy flat near Metro with priv. kitchen&bath&toilt,Yongsan-gu,ENTIRE APARTMENT,2 guests,"['1 bedroom', '1 bed', '1 bath']",$12 per night,"['Elevator', 'Kitchen', 'Wifi', 'Iron', 'Hair dryer', 'Cable TV']",72,Rating 4.5 out of 5
Cheap price Good public transit comfortable Studio,Yongsan-gu,ENTIRE APARTMENT,3 guests,"['1 bedroom', '1 bed', '1 bath']",$34 per night,"['Elevator', 'Kitchen', 'Wifi', 'Dryer', 'Iron', 'Hair dryer']",76,Rating 4.5 out of 5
+Seoul stn. 5min Free Home WiFi&Egg,Jongno-gu,ENTIRE APARTMENT,2 guests,"['Studio', '1 bed', '1 bath']",$52 per night,"['Free parking on premises', 'Elevator', 'Kitchen', 'Wifi', 'Iron', 'Hair dryer']",167,Rating 5 out of 5
MyeongDong ??Basecamp802??+Free WiFi,Mapo-gu,ENTIRE APARTMENT,3 guests,"['1 bedroom', '2 beds', '1 bath']",$30 per night,"['Elevator', 'Kitchen', 'Wifi', 'Iron', 'Hair dryer', 'Cable TV']",94,Rating 4.5 out of 5
"Hongik Univ(Hongdae) station 3min, Spacious 3bdr",Mapo-gu,ENTIRE APARTMENT,7 guests,"['3 bedrooms', '5 beds', '1 bath']",$92 per night,"['Kitchen', 'Wifi', 'Dryer', 'Iron', 'Hair dryer', 'Cable TV']",150,Rating 5 out of 5
"Dormitory, Oasis guesthouse Hongdae Seoul",Yongsan-gu,SHARED ROOM IN HOUSE,6 guests,"['1 bedroom', '6 beds', '1 bath']",$12 per night,"['Kitchen', 'Wifi', 'Iron', 'Hair dryer', 'Cable TV', 'Hangers']",179,Rating 5 out of 5
BalconyHouse 54 :),??????????,ENTIRE APARTMENT,2 guests,"['1 bedroom', '1 bed', '1 bath']",$42 per night,"['Elevator', 'Kitchen', 'Wifi', 'Iron', 'Hair dryer', 'Cable TV']",62,Rating 4.5 out of 5
Dwyane's luxury house,"Gongdeok-dong, Mapo-gu",ENTIRE APARTMENT,8 guests,"['3 bedrooms', '3 beds', '2 baths']",$169 per night,"['Elevator', 'Gym', 'Hot tub', 'Kitchen', 'Wifi', 'Essentials']",163,Rating 4.5 out of 5
The ROY's House #1 (free egg / 45min from airport),Jongno-gu,ENTIRE APARTMENT,4 guests,"['1 bedroom', '2 beds', '1 bath']",$55 per night,"['Free parking on premises', 'Elevator', 'Kitchen', 'Wifi', 'Iron', 'Hair dryer']",139,Rating 4.5 out of 5
"BLUE HOUSE VIEW: 1min ""Insadong"" Top Notch, Good!!",Mapo-gu,ENTIRE LOFT,6 guests,"['1 bedroom', '3 beds', '1 bath']",$45 per night,"['Elevator', 'Kitchen', 'Wifi', 'Dryer', 'Iron', 'Hair dryer']",45,Rating 5 out of 5
[Open sale] Cozy Duplex P8 @ Hongdae,Yongsan-gu,ENTIRE LOFT,8 guests,"['2 bedrooms', '6 beds', '1 bath']",$69 per night,"['Elevator', 'Kitchen', 'Wifi', 'Dryer', 'Iron', 'Hair dryer']",68,Rating 4.5 out of 5
#1#SkyView@SeoulStn+Wifi(12thFloor),Jung-gu,ENTIRE APARTMENT,5 guests,"['2 bedrooms', '2 beds', '1 bath']",$60 per night,"['Elevator', 'Kitchen', 'Wifi', 'Dryer', 'Iron', 'Hair dryer']",176,Rating 4.5 out of 5
OPEN SALE! ^MYEONG-DONG STUDIO^ FREE EGG WIFI COZY,Mapo-gu,ENTIRE APARTMENT,6 guests,"['Studio', '3 beds', '1 bath']",$43 per night,"['Elevator', 'Indoor fireplace', 'Kitchen', 'Wifi', 'Dryer', 'Iron']",43,Rating 4.5 out of 5
Hongdae antique house. 3mins from AREX station.,Mapo-gu,ENTIRE APARTMENT,5 guests,"['3 bedrooms', '4 beds', '1 bath']",$79 per night,"['Kitchen', 'Wifi', 'Iron', 'Hair dryer', 'Cable TV', 'Hangers']",59,Rating 5 out of 5
Hong ik univ. 'Maxmini-um' designed by Architect,Jung-gu,ENTIRE HOUSE,2 guests,"['1 bedroom', '1 bed', '1 bath']",$44 per night,"['Kitchen', 'Wifi', 'Breakfast', 'Iron', 'Hair dryer', 'Cable TV']",64,Rating 4.5 out of 5
Joy's StudioNearby Myeong Dong & Dong Dae Mun!,Myeong-dong,ENTIRE APARTMENT,3 guests,"['Studio', '2 beds', '1 bath']",$27 per night,"['Elevator', 'Kitchen', 'Wifi', 'Iron', 'Hair dryer', 'Cable TV']",124,Rating 5 out of 5
???? Studio #3 (1min metro/freeWiFi),Gangnam-gu,ENTIRE APARTMENT,4 guests,"['Studio', '2 beds', '1 bath']",$68 per night,"['Elevator', 'Kitchen', 'Wifi', 'Dryer', 'Hair dryer', 'Cable TV']",126,Rating 4.5 out of 5
[H3] Vin's Amazing view & location in Gangnam!,Seoul,ENTIRE LOFT,2 guests,"['Studio', '1 bed', '1 bath']",$51 per night,"['Elevator', 'Kitchen', 'Wifi', 'Dryer', 'Iron', 'Hair dryer']",102,Rating 5 out of 5
Private Studio#2 @????Myeong-dong,Seongbuk-gu,ENTIRE APARTMENT,6 guests,"['2 bedrooms', '3 beds', '1 bath']",$71 per night,"['Elevator', 'Kitchen', 'Wifi', 'Hair dryer', 'Cable TV', 'Essentials']",170,Rating 4.5 out of 5
Small house under Seoul Fortress Wall,Yongsan-gu,ENTIRE HOUSE,2 guests,"['1 bedroom', '1 bed', '1 bath']",$53 per night,"['Kitchen', 'Wifi', 'Hair dryer', 'Cable TV', 'Essentials', 'Shampoo']",80,Rating 4.5 out of 5
202New Open! Clean & Cozy! 5minutes walk to subway,Songpa-gu,ENTIRE HOUSE,2 guests,"['1 bedroom', '1 bed', '1 bath']",$27 per night,"['Kitchen', 'Wifi', 'Iron', 'Hair dryer', 'Cable TV', 'Hangers']",78,Rating 5 out of 5
[NEW] 5min LotteWorld Lake View Jamsil SEOUL,Mapo-gu,ENTIRE APARTMENT,6 guests,"['1 bedroom', '3 beds', '1 bath']",$57 per night,"['Free parking on premises', 'Elevator', 'Kitchen', 'Wifi', 'Iron', 'Hair dryer']",137,Rating 5 out of 5
Studio in Hongdae! everything's here!,Yongsan-gu,ENTIRE CONDOMINIUM,3 guests,"['1 bedroom', '2 beds', '1 bath']",$36 per night,"['Kitchen', 'Wifi', 'Hair dryer', 'Essentials', 'Shampoo', 'Laptop friendly workspace']",96,Rating 4.5 out of 5
????????: ?????? ????????,??????,ENTIRE CONDOMINIUM,3 guests,"['1 bedroom', '2 beds', '1 bath']",$57 per night,"['Kitchen', 'Wifi', 'Iron', 'Hair dryer', 'Hangers', 'Essentials']",55,Rating 4.5 out of 5
[Myeongdong] Jongno Hans' house 3(Luggage Storage),Jongno-gu,ENTIRE LOFT,5 guests,"['1 bedroom', '4 beds', '1 bath']",$39 per night,"['Elevator', 'Kitchen', 'Wifi', 'Iron', 'Hair dryer', 'Cable TV']",53,Rating 4.5 out of 5
Mountain View. 0min to Dongmyo Sub.Dongdaemun Area,Yongsan-gu,ENTIRE LOFT,5 guests,"['1 bedroom', '2 beds', '1 bath']",$58 per night,"['Elevator', 'Kitchen', 'Wifi', 'Dryer', 'Iron', 'Hair dryer']",94,Rating 5 out of 5
"USEE HOUSE 4: Clean, cozy 2 Rooms, Itaewon Yongsan",Gangnam-gu,ENTIRE HOUSE,2 guests,"['2 bedrooms', '1 bed', '1 bath']",$29 per night,"['Kitchen', 'Wifi', 'Hair dryer', 'Hangers', 'Essentials', 'Shampoo']",54,Rating 4.5 out of 5
"GK's 1C5H Premium, Nice View, 5sec Gangnam Stn. #1",Mapo-gu,ENTIRE APARTMENT,4 guests,"['1 bedroom', '1 bed', '1 bath']",$41 per night,"['Elevator', 'Indoor fireplace', 'Kitchen', 'Wifi', 'Dryer', 'Iron']",85,Rating 5 out of 5
Artist's Cozy Mapo Studio 53,Jongno-gu,ENTIRE APARTMENT,2 guests,"['1 bedroom', '1 bed', '1 bath']",$48 per night,"['Elevator', 'Kitchen', 'Wifi', 'Dryer', 'Iron', 'Hair dryer']",88,Rating 5 out of 5
SY Luxury Loft Myeong-dong #A,Mapo-gu,ENTIRE APARTMENT,6 guests,"['2 bedrooms', '4 beds', '1 bath']",$55 per night,"['Elevator', 'Kitchen', 'Wifi', 'Dryer', 'Hair dryer', 'Cable TV']",113,Rating 4.5 out of 5
Seoul City All Yours ?? Subway Connected??River View,"Seogyo-dong, Mapo-gu",ENTIRE APARTMENT,3 guests,"['Studio', '1 bed', '1 bath']",$59 per night,"['Elevator', 'Kitchen', 'Wifi', 'Dryer', 'Iron', 'Hair dryer']",91,Rating 5 out of 5
#1 Elly's HOUSE #Private room #only female room,Seoul,PRIVATE ROOM IN APARTMENT,2 guests,"['1 bedroom', '1 bed', '1 shared bath']",$21 per night,"['Kitchen', 'Wifi', 'Hair dryer', 'Hangers', 'Essentials', 'Shampoo']",51,Rating 4.5 out of 5
*New Open Sale* Cozy Private Room,"Mia-dong, Gangbuk-gu",ENTIRE APARTMENT,2 guests,"['1 bedroom', '1 bed', '1 bath']",$35 per night,"['Elevator', 'Kitchen', 'Wifi', 'Iron', 'Hair dryer', 'Hangers']",87,Rating 5 out of 5
[cozyhouse#1]good house to travel north of Seoul,??????????,ENTIRE APARTMENT,2 guests,"['Studio', '1 bed', '1 bath']",$30 per night,"['Kitchen', 'Wifi', 'Hair dryer', 'Cable TV', 'Hangers', 'Essentials']",57,Rating 5 out of 5
J.home,Yongsan-gu,ENTIRE CONDOMINIUM,2 guests,"['1 bedroom', '2 beds', '1 bath']",$34 per night,"['Elevator', 'Kitchen', 'Wifi', 'Hair dryer', 'Cable TV', 'Hangers']",63,Rating 5 out of 5
Lovely RALA HOUSE in Central Residential Area,Myeong-dong,ENTIRE HOUSE,6 guests,"['2 bedrooms', '3 beds', '1 bath']",$76 per night,"['Kitchen', 'Wifi', 'Iron', 'Hair dryer', 'Cable TV', 'Hangers']",173,Rating 5 out of 5
???? Studio #4 (1min metro/freeWiFi),Jongno-gu,ENTIRE APARTMENT,4 guests,"['Studio', '2 beds', '1 bath']",$50 per night,"['Elevator', 'Kitchen', 'Wifi', 'Dryer', 'Hair dryer', 'Cable TV']",114,Rating 4.5 out of 5
Located at Main street in Seoul,Jongno-gu,PRIVATE ROOM IN HOUSE,2 guests,"['1 bedroom', '1 bed', '1 shared bath']",$53 per night,"['Kitchen', 'Wifi', 'Breakfast', 'Dryer', 'Heating', 'TV']",243,Rating 4.5 out of 5
[Myeong-dong] Pink House (new open discount),Jung-gu,ENTIRE APARTMENT,4 guests,"['2 bedrooms', '2 beds', '1 bath']",$49 per night,"['Elevator', 'Kitchen', 'Wifi', 'Iron', 'Hair dryer', 'Hangers']",21,Rating 4.5 out of 5
"Cozy Studio, Dongdaemun #3#",Seocho-gu,ENTIRE APARTMENT,2 guests,"['Studio', '1 bed', '1 bath']",$44 per night,"['Elevator', 'Kitchen', 'Wifi', 'Dryer', 'Hair dryer', 'Cable TV']",51,Rating 4.5 out of 5
[OPEN] IN GangNam,Gangnam-gu(??????),ENTIRE APARTMENT,2 guests,"['1 bedroom', '1 bed', '1 bath']",$38 per night,"['Free parking on premises', 'Kitchen', 'Wifi', 'Dryer', 'Hair dryer', 'Cable TV']",76,Rating 5 out of 5
K-pop center ????_SM/JYP & FNC just next (Website hidden by Airbnb),Jung-gu,ENTIRE APARTMENT,5 guests,"['2 bedrooms', '5 beds', '1 bath']",$53 per night,"['Kitchen', 'Wifi', 'Iron', 'Hair dryer', 'Cable TV', 'Hangers']",131,Rating 5 out of 5
MYEONG-DONG Studio # 6,Yeongdeungpo-gu,ENTIRE APARTMENT,4 guests,"['Studio', '2 beds', '1 bath']",$22 per night,"['Elevator', 'Kitchen', 'Wifi', 'Dryer', 'Iron', 'Hair dryer']",92,Rating 5 out of 5
Romantic River View in Seoul !!,??????????,ENTIRE APARTMENT,2 guests,"['1 bedroom', '1 bed', '1 bath']",$29 per night,"['Free parking on premises', 'Elevator', 'Gym', 'Kitchen', 'Wifi', 'Hair dryer']",97,Rating 4.5 out of 5
[NEW] GREAT LOCATION/ 2MIN TO SHINCHON STN #7,Jongno-gu,PRIVATE ROOM IN APARTMENT,2 guests,"['1 bedroom', '1 bed', '2 shared baths']",$32 per night,"['Elevator', 'Wifi', 'Dryer', 'Iron', 'Hair dryer', 'Hangers']",53,Rating 4.5 out of 5
[OPEN SALE]Big Family House/Upto 20/FREE Breakfast,Mapo-gu,ENTIRE GUEST SUITE,16+ guests,"['4 bedrooms', '18 beds', '5 baths']",$11 per night,"['Kitchen', 'Wifi', 'Breakfast', 'Dryer', 'Iron', 'Hair dryer']",16,Rating 5 out of 5
"Stay with local, Breakfast included!",Jung-gu,PRIVATE ROOM IN APARTMENT,1 guest,"['1 bedroom', '1 bed', '1 private bath']",$29 per night,"['Kitchen', 'Wifi', 'Breakfast', 'Iron', 'Hair dryer', 'Hangers']",92,Rating 5 out of 5
Namsangil House(????/MyeongDong) : PRIVATE SINGLE #1,Jung-gu,PRIVATE ROOM IN HOSTEL,1 guest,"['1 bedroom', '1 bed', '1 private bath']",$25 per night,"['Free parking on premises', 'Kitchen', 'Wifi', 'Breakfast', 'Dryer', 'Iron']",77,Rating 5 out of 5
OPEN SALE! #COZY MYEONGDONG STUDIO^ FREE EGG WIFI#,Mapo-gu,ENTIRE APARTMENT,6 guests,"['Studio', '3 beds', '1 bath']",$40 per night,"['Elevator', 'Kitchen', 'Wifi', 'Dryer', 'Iron', 'Hair dryer']",51,Rating 4.5 out of 5
"Jeff's Vill No.1(Gongdeok,Hongdae, Itaewon)",Mapo-gu,ENTIRE APARTMENT,2 guests,"['1 bedroom', '1 bed', '1 bath']",$44 per night,"['Elevator', 'Kitchen', 'Wifi', 'Iron', 'Hair dryer', 'Cable TV']",72,Rating 4.5 out of 5
Bori's Apt #3 (1BR / 3 min to Hongik Univ. Sta),Mapo-gu,ENTIRE APARTMENT,4 guests,"['1 bedroom', '1 bed', '1 bath']",$40 per night,"['Kitchen', 'Wifi', 'Iron', 'Hair dryer', 'Cable TV', 'Hangers']",63,Rating 5 out of 5
3mins walk : Hongik Univ. AREX @Light-filed studio,Yongsan-gu,ENTIRE APARTMENT,3 guests,"['1 bedroom', '2 beds', '1 bath']",$49 per night,"['Kitchen', 'Wifi', 'Iron', 'Hair dryer', 'Cable TV', 'Hangers']",105,Rating 5 out of 5
designer flat in heart of Itaewon,??????????,ENTIRE TOWNHOUSE,2 guests,"['1 bedroom', '1 bed', '1 bath']",$48 per night,"['Kitchen', 'Wifi', 'Dryer', 'Iron', 'Hair dryer', 'Hangers']",146,Rating 4.5 out of 5
Jun's HOUSE Newly opened on SALE,Dongdaemun-gu,ENTIRE HOUSE,4 guests,"['1 bedroom', '1 bed', '1 bath']",$52 per night,"['Free parking on premises', 'Elevator', 'Kitchen', 'Wifi', 'Dryer', 'Iron']",156,Rating 5 out of 5
Cozy Clean Safe House / Dongdaemun-gu /pocket wifi,Mapo-gu,ENTIRE APARTMENT,2 guests,"['1 bedroom', '1 bed', '1 bath']",$36 per night,"['Elevator', 'Kitchen', 'Wifi', 'Iron', 'Hair dryer', 'Cable TV']",72,Rating 5 out of 5
"Modern House / Hongdae, New Apt, Portable WiFi",Mapo-gu,ENTIRE APARTMENT,2 guests,"['1 bedroom', '2 beds', '1 bath']",$40 per night,"['Free parking on premises', 'Elevator', 'Kitchen', 'Wifi', 'Dryer', 'Iron']",85,Rating 5 out of 5
Welcome to Garden House Dorm#1,Mapo-gu,SHARED ROOM IN HOUSE,2 guests,"['1 bedroom', '4 beds', '2 baths']",$16 per night,"['Kitchen', 'Wifi', 'Essentials', 'Shampoo', 'Heating', 'Air conditioning']",178,Rating 5 out of 5
2mins walk from Exit 8 of Hong-ik univ stn! Cozy,Seongbuk-gu,ENTIRE TOWNHOUSE,2 guests,"['1 bedroom', '1 bed', '1 bath']",$42 per night,"['Kitchen', 'Wifi', 'Iron', 'Hair dryer', 'Cable TV', 'Hangers']",90,Rating 5 out of 5
HANOK stay near Dongdaemun(Sarang bang),Jongno-gu,ENTIRE HOUSE,3 guests,"['1 bedroom', '1 bed', '1 bath']",$50 per night,"['Kitchen', 'Wifi', 'Hair dryer', 'Hangers', 'Essentials', 'Shampoo']",188,Rating 5 out of 5
Free WiFi / Duplex in Jongro & Myungdong #2,Mapo-gu,ENTIRE LOFT,5 guests,"['1 bedroom', '1 bed', '1 bath']",$53 per night,"['Elevator', 'Kitchen', 'Wifi', 'Iron', 'Hair dryer', 'Cable TV']",43,Rating 4.5 out of 5
#D1 Jacob's apartment (5mins from station),Jung-gu,ENTIRE APARTMENT,2 guests,"['1 bedroom', '1 bed', '1 bath']",$37 per night,"['Kitchen', 'Wifi', 'Iron', 'Hair dryer', 'Hangers', 'Essentials']",88,Rating 4.5 out of 5
???? Studio #1 (1min metro/freeWiFi),Seongdong-gu,ENTIRE APARTMENT,3 guests,"['Studio', '2 beds', '1 bath']",$70 per night,"['Elevator', 'Kitchen', 'Wifi', 'Dryer', 'Hair dryer', 'Cable TV']",132,Rating 4.5 out of 5
Clean and Cozy Chris Hostel #0 Single Room101,Yongsan-gu,PRIVATE ROOM IN HOSTEL,1 guest,"['1 bedroom', '1 bed', '1 private bath']",$22 per night,"['Kitchen', 'Wifi', 'Dryer', 'Iron', 'Hair dryer', 'Cable TV']",68,Rating 4.5 out of 5
Seoul Station !NEW OPEN! Free Gym 3,Seoul,ENTIRE APARTMENT,2 guests,"['Studio', '1 bed', '1 bath']",$45 per night,"['Free parking on premises', 'Elevator', 'Gym', 'Kitchen', 'Wifi', 'Dryer']",86,Rating 5 out of 5
Roommate 101,Jung-gu,ENTIRE HOUSE,2 guests,"['1 bedroom', '1 bed', '1 bath']",$29 per night,"['Kitchen', 'Wifi', 'Hair dryer', 'Hangers', 'Essentials', 'Shampoo']",74,Rating 4.5 out of 5
Dongdaemun DW2 (free egg wifi+T-money),Mapo-gu,ENTIRE APARTMENT,2 guests,"['1 bedroom', '1 bed', '1 bath']",$49 per night,"['Elevator', 'Kitchen', 'Wifi', 'Hair dryer', 'Hangers', 'Essentials']",108,Rating 5 out of 5
#5HongikUniv.Hongdae Sub exit1 5min,Mapo-gu,ENTIRE SERVICED APARTMENT,4 guests,"['1 bedroom', '2 beds', '1 bath']",$45 per night,"['Free parking on premises', 'Kitchen', 'Wifi', 'Breakfast', 'Iron', 'Hair dryer']",91,Rating 5 out of 5
Cozy Double Room at Hongdae subway,Jung-gu,PRIVATE ROOM IN HOUSE,2 guests,"['1 bedroom', '1 bed', '1 shared bath']",$31 per night,"['Indoor fireplace', 'Kitchen', 'Wifi', 'Dryer', 'Iron', 'Hair dryer']",104,Rating 5 out of 5
Lovely flat in Central Seoul w/WIFI,Gangseo-gu,ENTIRE LOFT,2 guests,"['1 bedroom', '1 bed', '1.5 baths']",$53 per night,"['Free parking on premises', 'Elevator', 'Kitchen', 'Wifi', 'Iron', 'Hair dryer']",57,Rating 4.5 out of 5
"[Summer Sale] 52"" Ted's Lovely & Cozy studio",Jongno-gu,ENTIRE APARTMENT,3 guests,"['1 bedroom', '1 bed', '1 bath']",$28 per night,"['Elevator', 'Wifi', 'Dryer', 'Hair dryer', 'Hangers', 'Essentials']",79,Rating 4.5 out of 5
MJ Premium House #4 @Myeong-dong (Free Wifi Egg),??????????,ENTIRE GUESTHOUSE,2 guests,"['1 bedroom', '1 bed', '1 bath']",$39 per night,"['Elevator', 'Kitchen', 'Wifi', 'Iron', 'Hair dryer', 'Cable TV']",91,Rating 5 out of 5
"[Capsule Hotel#1] The Stay Simple, Central Gangnam",Yongsan-gu,PRIVATE ROOM IN HOUSE,1 guest,"['2 bedrooms', '5 beds', '1 shared bath']",$18 per night,"['Kitchen', 'Wifi', 'Hair dryer', 'Hangers', 'Essentials', 'Shampoo']",72,Rating 4.5 out of 5
???????? ??????,Yongsan-gu,ENTIRE CONDOMINIUM,2 guests,"['Studio', '1 bed', '1 bath']",$61 per night,"['Kitchen', 'Wifi', 'Hair dryer', 'Hangers', 'Essentials', 'Shampoo']",117,Rating 4.5 out of 5
"About Seoul#10 Kyoungridan, Itaewon","Mapo-gu, Seoul",ENTIRE HOUSE,2 guests,"['1 bedroom', '1 bed', '1 bath']",$71 per night,"['Kitchen', 'Wifi', 'Iron', 'Hair dryer', 'Essentials', 'Shampoo']",141,Rating 4.5 out of 5
Sohee's place,yongsan-gu,ENTIRE APARTMENT,6 guests,"['3 bedrooms', '4 beds', '1 bath']",$70 per night,"['Hot tub', 'Kitchen', 'Wifi', 'Iron', 'Hair dryer', 'Cable TV']",135,Rating 5 out of 5
?? Premium Loft [City-Center],"??????,??????,????",ENTIRE APARTMENT,6 guests,"['Studio', '2 beds', '1 bath']",$42 per night,"['Elevator', 'Gym', 'Kitchen', 'Wifi', 'Dryer', 'Iron']",63,Rating 5 out of 5
Gyeongbokgung: Center of Seoul,Mapo-gu,ENTIRE APARTMENT,2 guests,"['1 bedroom', '1 bed', '1 bath']",$42 per night,"['Kitchen', 'Wifi', 'Iron', 'Hair dryer', 'Hangers', 'Essentials']",107,Rating 5 out of 5
[Shiny]Hongdae/Subway connected/3Beds,,ENTIRE LOFT,6 guests,"['1 bedroom', '3 beds', '1 bath']",$69 per night,"['Elevator', 'Kitchen', 'Wifi', 'Dryer', 'Iron', 'Hair dryer']",161,Rating 5 out of 5
